Datetime,Open,High,Low,Close,Volume
2026-01-14 14:30:00+00:00,182.8099975585937,184.6600036621093,182.02999877929688,184.4600067138672,258063.0
2026-01-14 15:30:00+00:00,184.259994506836,184.6199951171875,183.3500061035156,184.5,180428.0
2026-01-14 16:30:00+00:00,184.38999938964844,184.5124969482422,182.9001007080078,182.9001007080078,284067.0
2026-01-14 17:30:00+00:00,182.8999938964844,183.0200042724609,182.32749938964844,182.7400054931641,98675.0
2026-01-14 18:30:00+00:00,182.7400054931641,183.009994506836,182.5200042724609,182.9600067138672,129083.0
2026-01-14 19:30:00+00:00,182.8999938964844,183.25,182.5,183.25,152161.0
2026-01-14 20:30:00+00:00,183.2050018310547,183.4349975585937,182.9199981689453,183.3999938964844,223584.0
2026-01-15 14:30:00+00:00,183.13999938964844,184.4499969482422,182.5800018310547,183.25,276434.0
2026-01-15 15:30:00+00:00,183.3249969482422,183.6300048828125,182.6000061035156,183.0399932861328,192914.0
2026-01-15 16:30:00+00:00,182.8800048828125,183.0200042724609,182.25,182.25,146930.0
2026-01-15 17:30:00+00:00,182.259994506836,182.63999938964844,182.08999633789065,182.1779937744141,149243.0
2026-01-15 18:30:00+00:00,182.15499877929688,183.25,182.15499877929688,183.1499938964844,253404.0
2026-01-15 19:30:00+00:00,183.1699981689453,183.17999267578125,182.4100036621093,182.44500732421875,193847.0
2026-01-15 20:30:00+00:00,182.4550018310547,182.6999053955078,181.8800048828125,182.2700042724609,370267.0
2026-01-16 14:30:00+00:00,179.9199981689453,182.6699981689453,179.88009643554688,182.57000732421875,794387.0
2026-01-16 15:30:00+00:00,182.6300048828125,182.6600036621093,181.1999969482422,181.77999877929688,231909.0
2026-01-16 16:30:00+00:00,181.6699981689453,182.5599975585937,181.5500030517578,182.32000732421875,288839.0
2026-01-16 17:30:00+00:00,182.27999877929688,182.4600067138672,181.9900054931641,182.4100036621093,148250.0
2026-01-16 18:30:00+00:00,182.4100036621093,182.509994506836,182.0599975585937,182.3099975585937,172534.0
2026-01-16 19:30:00+00:00,182.30499267578125,182.5200042724609,181.5599975585937,181.72000122070312,405708.0
2026-01-16 20:30:00+00:00,181.7100067138672,182.47999572753903,181.6150054931641,182.3600006103516,832220.0
2026-01-20 14:30:00+00:00,182.0500030517578,182.3699951171875,180.05999755859375,181.3650054931641,513621.0
2026-01-20 15:30:00+00:00,181.3650054931641,181.7550048828125,180.8600006103516,181.3699951171875,264494.0
2026-01-20 16:30:00+00:00,181.3600006103516,182.4850006103516,181.19000244140625,182.08999633789065,385423.0
2026-01-20 17:30:00+00:00,182.08999633789065,182.52999877929688,181.69000244140625,181.77999877929688,174534.0
2026-01-20 18:30:00+00:00,181.759994506836,181.80499267578125,180.9149932861328,181.3800048828125,146632.0
2026-01-20 19:30:00+00:00,181.2601013183593,181.6199951171875,180.8600006103516,181.1849975585937,209318.0
2026-01-20 20:30:00+00:00,181.2059936523437,181.3300018310547,180.6000061035156,181.02999877929688,384216.0
2026-01-21 14:30:00+00:00,181.4499969482422,182.0,180.22000122070312,180.67999267578125,407788.0
2026-01-21 15:30:00+00:00,180.67999267578125,180.72999572753903,178.42999267578125,179.10499572753906,336862.0
2026-01-21 16:30:00+00:00,179.22999572753906,179.42999267578125,178.64999389648438,178.82479858398438,187407.0
2026-01-21 17:30:00+00:00,178.80499267578125,178.89999389648438,178.27000427246094,178.44000244140625,257994.0
2026-01-21 18:30:00+00:00,178.36000061035156,179.1699981689453,178.36000061035156,179.10499572753906,354238.0
2026-01-21 19:30:00+00:00,179.09500122070312,179.85499572753906,179.09500122070312,179.77999877929688,486984.0
2026-01-21 20:30:00+00:00,179.77999877929688,179.9499969482422,179.31500244140625,179.67999267578125,521920.0
2026-01-22 14:30:00+00:00,178.7899932861328,180.72999572753903,178.35000610351562,178.88999938964844,351044.0
2026-01-22 15:30:00+00:00,179.08999633789062,179.77999877929688,178.30499267578125,178.73500061035156,328581.0
2026-01-22 16:30:00+00:00,178.69000244140625,179.91000366210938,178.69000244140625,179.52999877929688,230495.0
2026-01-22 17:30:00+00:00,179.58999633789062,180.3600006103516,179.58999633789062,179.94000244140625,206767.0
2026-01-22 18:30:00+00:00,179.99000549316406,180.6499938964844,179.8800048828125,180.3800048828125,214253.0
2026-01-22 19:30:00+00:00,180.38999938964844,180.5500030517578,180.0800018310547,180.3000030517578,202282.0
2026-01-22 20:30:00+00:00,180.3000030517578,180.56500244140625,180.11000061035156,180.55499267578125,211515.0
2026-01-23 14:30:00+00:00,179.27999877929688,181.6000061035156,178.00010681152344,180.3000030517578,227441.0
2026-01-23 15:30:00+00:00,180.32000732421875,181.65261840820312,180.22999572753903,181.2449951171875,205599.0
2026-01-23 16:30:00+00:00,181.19000244140625,182.2749938964844,181.1199951171875,182.2749938964844,248119.0
2026-01-23 17:30:00+00:00,182.32000732421875,182.3699951171875,181.26499938964844,181.5800018310547,199480.0
2026-01-23 18:30:00+00:00,181.67999267578125,182.1600036621093,181.47999572753903,182.0800018310547,192801.0
2026-01-23 19:30:00+00:00,182.0850067138672,182.6499938964844,181.9499969482422,182.5399932861328,297501.0
2026-01-23 20:30:00+00:00,182.5200042724609,183.2700042724609,182.4949951171875,183.1300048828125,475078.0
2026-01-26 14:30:00+00:00,182.8999938964844,185.0,182.2821044921875,184.6649932861328,656739.0
2026-01-26 15:30:00+00:00,184.6649932861328,184.6649932861328,183.6100006103516,183.8099975585937,549580.0
2026-01-26 16:30:00+00:00,183.76080322265625,183.82989501953125,183.2100067138672,183.56500244140625,334732.0
2026-01-26 17:30:00+00:00,183.56500244140625,183.8999938964844,183.42010498046875,183.6199951171875,249921.0
2026-01-26 18:30:00+00:00,183.6300048828125,183.8500061035156,182.99009704589844,183.18150329589844,271360.0
2026-01-26 19:30:00+00:00,183.13999938964844,183.509994506836,182.8099975585937,183.47999572753903,207959.0
2026-01-26 20:30:00+00:00,183.509994506836,184.1600036621093,183.509994506836,183.69000244140625,537598.0
2026-01-27 14:30:00+00:00,182.1100006103516,182.5,178.52499389648438,178.77999877929688,531406.0
2026-01-27 15:30:00+00:00,178.77999877929688,180.509994506836,178.64999389648438,180.02000427246094,390824.0
2026-01-27 16:30:00+00:00,180.02499389648438,180.2700042724609,179.4949951171875,179.60000610351562,590895.0
2026-01-27 17:30:00+00:00,179.6024932861328,180.2100067138672,179.49000549316406,179.86000061035156,233746.0
2026-01-27 18:30:00+00:00,179.86000061035156,180.1199951171875,179.41000366210938,179.50999450683594,276338.0
2026-01-27 19:30:00+00:00,179.5449981689453,179.58999633789062,178.7100067138672,179.27499389648438,388240.0
2026-01-27 20:30:00+00:00,179.31500244140625,179.85000610351562,179.11000061035156,179.16000366210938,479627.0
2026-01-28 14:30:00+00:00,178.0,179.0,176.75,178.14999389648438,521605.0
2026-01-28 15:30:00+00:00,178.21499633789062,179.69000244140625,178.14500427246094,179.69000244140625,526693.0
2026-01-28 16:30:00+00:00,179.56500244140625,179.74099731445312,178.85000610351562,178.86000061035156,227044.0
2026-01-28 17:30:00+00:00,178.83999633789062,178.8699951171875,178.44000244140625,178.7698974609375,211428.0
2026-01-28 18:30:00+00:00,178.72500610351562,178.9499969482422,178.00999450683594,178.02000427246094,378880.0
2026-01-28 19:30:00+00:00,178.0,179.22500610351562,177.69000244140625,178.22999572753906,467059.0
2026-01-28 20:30:00+00:00,178.3000030517578,178.3800048828125,177.75999450683594,178.1300048828125,930395.0
2026-01-29 14:30:00+00:00,182.5,185.1443023681641,180.6100006103516,184.1300048828125,711052.0
2026-01-29 15:30:00+00:00,184.08999633789065,185.0500030517578,183.8300018310547,184.5399932861328,395423.0
2026-01-29 16:30:00+00:00,184.5350036621093,185.8500061035156,184.4900054931641,185.8300018310547,329960.0
2026-01-29 17:30:00+00:00,185.82000732421875,185.8300018310547,184.6499938964844,185.1000061035156,242302.0
2026-01-29 18:30:00+00:00,185.08999633789065,186.7400054931641,185.08999633789065,186.5599975585937,254860.0
2026-01-29 19:30:00+00:00,186.5399932861328,188.57000732421875,186.2899932861328,188.509994506836,360780.0
2026-01-29 20:30:00+00:00,188.56399536132807,188.83999633789065,187.52999877929688,187.9600067138672,661547.0
2026-01-30 14:30:00+00:00,190.0,190.0,186.5050048828125,186.8600006103516,333860.0
2026-02-02 18:30:00+00:00,188.5800018310547,188.6450042724609,188.02999877929688,188.0800018310547,1200153.0
2026-02-02 19:30:00+00:00,188.0800018310547,188.5850067138672,187.69009399414065,188.5399932861328,319260.0
2026-02-02 20:30:00+00:00,188.5399932861328,188.5792999267578,187.7700042724609,188.27999877929688,452401.0
2026-02-03 14:30:00+00:00,187.17999267578125,190.3600006103516,186.634994506836,188.8500061035156,261531.0
2026-02-03 15:30:00+00:00,188.9199981689453,189.07000732421875,187.5800018310547,188.1649932861328,217655.0
2026-02-03 16:30:00+00:00,188.1699981689453,188.57400512695312,187.625,187.72000122070312,227061.0
2026-02-03 17:30:00+00:00,187.69000244140625,188.33999633789065,187.4100036621093,187.9199981689453,170953.0
2026-02-03 18:30:00+00:00,187.8600006103516,188.8699951171875,187.77999877929688,188.75,185257.0
2026-02-03 19:30:00+00:00,188.7400054931641,189.44000244140625,188.69000244140625,189.375,377812.0
2026-02-03 20:30:00+00:00,189.4199981689453,189.4739990234375,188.1999969482422,188.5,621401.0
2026-02-04 14:30:00+00:00,188.3800048828125,190.0500030517578,187.22999572753903,189.8650054931641,845575.0
2026-02-04 15:30:00+00:00,189.9100036621093,190.5350036621093,189.3699951171875,190.2100067138672,404264.0
2026-02-04 16:30:00+00:00,190.2550048828125,191.2700042724609,190.07000732421875,190.4550018310547,274983.0
2026-02-04 17:30:00+00:00,190.52999877929688,192.0749969482422,190.4499969482422,191.8999938964844,298577.0
2026-02-04 18:30:00+00:00,191.8999938964844,193.32000732421875,191.8500061035156,192.5350036621093,540201.0
2026-02-04 19:30:00+00:00,192.52999877929688,192.6000061035156,189.1849975585937,189.22999572753903,500478.0
2026-02-04 20:30:00+00:00,189.3000030517578,190.0399932861328,189.22000122070312,189.7700042724609,552346.0
2026-02-05 14:30:00+00:00,190.8699951171875,193.0800018310547,189.4100036621093,191.6875,360014.0
2026-02-05 15:30:00+00:00,191.75,192.0399932861328,190.72999572753903,190.72999572753903,372548.0
2026-02-05 16:30:00+00:00,190.7550048828125,191.2245941162109,189.6000061035156,189.67999267578125,262399.0
2026-02-05 17:30:00+00:00,189.67999267578125,189.9600067138672,187.75,187.8699951171875,206720.0
2026-02-05 18:30:00+00:00,187.8999938964844,188.44000244140625,187.07000732421875,188.25,436273.0
2026-02-05 19:30:00+00:00,188.2100067138672,188.3099975585937,187.2400054931641,187.72999572753903,481413.0
2026-02-05 20:30:00+00:00,187.7700042724609,188.19000244140625,187.38999938964844,187.52999877929688,612672.0
2026-02-06 14:30:00+00:00,188.1750030517578,189.1100006103516,187.06109619140625,187.57000732421875,242932.0
2026-02-06 15:30:00+00:00,187.7400054931641,188.02999877929688,186.6999969482422,186.8300018310547,315612.0
2026-02-06 16:30:00+00:00,186.88999938964844,186.88999938964844,184.9349975585937,185.8699951171875,315070.0
2026-02-06 17:30:00+00:00,185.97000122070312,186.0,184.7100067138672,185.1100006103516,150317.0
2026-02-06 18:30:00+00:00,185.1100006103516,185.2400054931641,184.63999938964844,185.0449981689453,170203.0
2026-02-06 19:30:00+00:00,185.0500030517578,185.67999267578125,184.9100036621093,185.0500030517578,251595.0
2026-02-06 20:30:00+00:00,185.0599975585937,185.5500030517578,184.88999938964844,184.94000244140625,369316.0
2026-02-09 14:30:00+00:00,184.17999267578125,184.97000122070312,180.5200042724609,181.19000244140625,607401.0
2026-02-09 15:30:00+00:00,181.2550048828125,181.4100036621093,178.96499633789062,178.96499633789062,484325.0
2026-02-09 16:30:00+00:00,178.89999389648438,179.07249450683594,176.625,176.89999389648438,360289.0
2026-02-09 17:30:00+00:00,176.9199981689453,177.52999877929688,176.00999450683594,176.0399932861328,379105.0
2026-02-09 18:30:00+00:00,175.9600067138672,176.0449981689453,171.99000549316406,172.1699981689453,701706.0
2026-02-09 19:30:00+00:00,172.22000122070312,173.91000366210938,171.52999877929688,172.4600067138672,1205440.0
2026-02-09 20:30:00+00:00,172.4600067138672,172.57000732421875,170.77999877929688,171.1300048828125,942640.0
2026-02-10 14:30:00+00:00,173.1199951171875,176.38999938964844,172.05999755859375,174.1649932861328,1389139.0
2026-02-10 15:30:00+00:00,174.1649932861328,175.26499938964844,173.5500030517578,174.85000610351562,545109.0
2026-02-10 16:30:00+00:00,174.8800048828125,175.08999633789062,174.1300048828125,174.66000366210938,408050.0
2026-02-10 17:30:00+00:00,174.64500427246094,174.9499969482422,174.00999450683594,174.60000610351562,335151.0
2026-02-10 18:30:00+00:00,174.6999969482422,175.02999877929688,174.5399932861328,174.875,312600.0
2026-02-10 19:30:00+00:00,174.85000610351562,175.69500732421875,174.71499633789062,175.5399932861328,500516.0
2026-02-10 20:30:00+00:00,175.5500030517578,176.1199951171875,175.08999633789062,175.27999877929688,582306.0
2026-02-11 14:30:00+00:00,174.1300048828125,175.91000366210938,172.05999755859375,174.00999450683594,1433508.0
2026-02-11 15:30:00+00:00,174.0,174.36000061035156,172.00999450683594,173.11000061035156,732297.0
2026-02-11 16:30:00+00:00,173.27999877929688,173.64999389648438,172.7899932861328,173.375,262540.0
2026-02-11 17:30:00+00:00,173.40499877929688,174.47999572753906,173.13999938964844,174.36000061035156,220783.0
2026-02-11 18:30:00+00:00,174.38999938964844,175.02999877929688,173.9499969482422,174.1300048828125,308178.0
2026-02-11 19:30:00+00:00,174.0850067138672,174.3800048828125,173.36000061035156,173.36000061035156,438075.0
2026-02-11 20:30:00+00:00,173.36000061035156,173.5,172.88999938964844,172.99000549316406,767345.0
2026-02-12 14:30:00+00:00,172.02000427246094,173.19000244140625,170.6999969482422,172.1199951171875,621352.0
2026-02-12 15:30:00+00:00,172.1999969482422,172.66000366210938,170.5399932861328,171.0500030517578,690371.0
2026-02-12 16:30:00+00:00,171.0500030517578,172.91000366210938,170.3699951171875,172.5800018310547,450686.0
2026-02-12 17:30:00+00:00,172.5800018310547,173.3800048828125,172.35000610351562,172.60499572753906,406487.0
2026-02-12 18:30:00+00:00,172.64999389648438,174.44000244140625,172.5,174.2449951171875,775449.0
2026-02-12 19:30:00+00:00,174.30999755859375,175.58999633789062,174.1750030517578,175.25999450683594,368042.0
2026-02-12 20:30:00+00:00,175.27000427246094,175.27000427246094,173.17999267578125,173.32000732421875,520756.0
2026-02-13 14:30:00+00:00,172.25,174.74749755859375,172.25,173.4949951171875,397288.0
2026-02-13 15:30:00+00:00,173.51499938964844,174.4499969482422,173.4105987548828,174.3800048828125,234348.0
2026-02-13 16:30:00+00:00,174.3800048828125,174.6649932861328,174.05999755859375,174.22999572753906,183850.0
2026-02-13 17:30:00+00:00,174.2550048828125,174.48500061035156,173.91000366210938,174.3800048828125,206503.0
2026-02-13 18:30:00+00:00,174.3800048828125,174.77000427246094,174.0050048828125,174.44000244140625,214078.0
2026-02-13 19:30:00+00:00,174.47000122070312,174.47000122070312,173.6300048828125,174.00999450683594,332515.0
2026-02-13 20:30:00+00:00,174.0,174.27999877929688,173.6199951171875,174.07000732421875,467330.0
2026-02-17 14:30:00+00:00,177.16000366210938,178.30999755859375,174.27999877929688,175.82000732421875,516445.0
2026-02-17 15:30:00+00:00,175.89999389648438,176.22999572753906,174.375,175.77000427246094,275002.0
2026-02-17 16:30:00+00:00,175.77499389648438,176.80999755859375,175.55999755859375,176.2899932861328,216433.0
2026-02-17 17:30:00+00:00,176.22000122070312,176.8300018310547,175.55999755859375,176.27000427246094,241654.0
2026-02-17 18:30:00+00:00,176.30499267578125,176.5399932861328,175.74000549316406,176.1199951171875,255800.0
2026-02-17 19:30:00+00:00,176.1199951171875,176.1199951171875,175.6199951171875,176.08999633789062,356120.0
2026-02-17 20:30:00+00:00,176.07000732421875,176.3800048828125,175.71499633789062,175.85000610351562,407318.0
2026-02-18 14:30:00+00:00,176.30999755859375,177.52999877929688,175.60000610351562,176.0449981689453,437721.0
2026-02-18 15:30:00+00:00,176.0800018310547,176.9600067138672,176.0749969482422,176.77000427246094,291455.0
2026-02-18 16:30:00+00:00,176.75999450683594,177.39999389648438,176.60499572753906,177.27499389648438,190120.0
2026-02-18 17:30:00+00:00,177.30499267578125,177.6699981689453,177.1699981689453,177.27999877929688,160387.0
2026-02-18 18:30:00+00:00,177.27000427246094,177.85000610351562,177.1300048828125,177.66000366210938,263782.0
2026-02-18 19:30:00+00:00,177.63999938964844,177.8350067138672,176.89999389648438,177.19000244140625,257320.0
2026-02-18 20:30:00+00:00,177.19000244140625,178.19000244140625,177.1699981689453,178.1199951171875,427342.0
2026-02-19 14:30:00+00:00,177.77000427246094,179.41000366210938,177.74000549316406,177.94000244140625,274029.0
2026-02-19 15:30:00+00:00,177.89999389648438,177.9499969482422,176.75,177.13999938964844,398041.0
2026-02-19 16:30:00+00:00,177.2050018310547,178.00990295410156,177.1199951171875,177.83999633789062,373717.0
2026-02-19 17:30:00+00:00,177.83999633789062,178.125,177.52999877929688,178.02000427246094,210748.0
2026-02-19 18:30:00+00:00,178.04249572753906,178.72500610351562,177.83399963378906,178.49249267578125,358417.0
2026-02-19 19:30:00+00:00,178.4600067138672,179.0050048828125,177.82984924316406,178.9199981689453,304800.0
2026-02-19 20:30:00+00:00,178.93499755859375,178.97000122070312,178.16000366210938,178.83999633789062,437367.0
2026-02-20 14:30:00+00:00,179.0,179.99000549316406,177.66000366210938,179.375,491328.0
2026-02-20 15:30:00+00:00,179.3699951171875,179.5500030517578,178.6300048828125,179.2899932861328,478738.0
2026-02-20 16:30:00+00:00,179.2899932861328,179.94500732421875,178.9550018310547,179.4550018310547,373916.0
2026-02-20 17:30:00+00:00,179.4499969482422,179.55999755859375,178.6999969482422,179.44000244140625,441534.0
2026-02-20 18:30:00+00:00,179.44000244140625,179.9149932861328,179.16000366210938,179.6699981689453,509998.0
2026-02-20 19:30:00+00:00,179.69000244140625,179.99000549316406,179.24000549316406,179.46499633789062,333305.0
2026-02-20 20:30:00+00:00,179.47000122070312,179.67999267578125,179.0,179.33999633789062,581116.0
2026-02-23 14:30:00+00:00,178.9199981689453,181.0,178.39500427246094,178.39500427246094,399918.0
2026-02-23 15:30:00+00:00,178.4199981689453,179.2100067138672,178.0,179.0399932861328,373129.0
2026-02-23 16:30:00+00:00,179.08999633789062,179.27000427246094,178.0749969482422,178.36000061035156,237933.0
2026-02-23 17:30:00+00:00,178.40499877929688,178.64999389648438,177.9199981689453,178.24000549316406,303515.0
2026-02-23 18:30:00+00:00,178.24000549316406,178.25,176.9969024658203,177.21499633789062,445603.0
2026-02-23 19:30:00+00:00,177.25999450683594,178.10000610351562,176.89999389648438,177.07000732421875,330649.0
2026-02-23 20:30:00+00:00,177.07000732421875,177.1999969482422,176.64500427246094,177.00999450683594,590214.0
2026-02-24 14:30:00+00:00,175.36000061035156,176.75,174.14999389648438,176.05999755859375,1097766.0
2026-02-24 15:30:00+00:00,176.05999755859375,176.30499267578125,175.14950561523438,175.4600067138672,468313.0
2026-02-24 16:30:00+00:00,175.4600067138672,176.05999755859375,175.18499755859375,175.9550018310547,261692.0
2026-02-24 17:30:00+00:00,176.05999755859375,176.5800018310547,175.8000030517578,176.2449951171875,228955.0
2026-02-24 18:30:00+00:00,176.24000549316406,177.5399932861328,176.19500732421875,177.5399932861328,233552.0
2026-02-24 19:30:00+00:00,177.4550018310547,177.82000732421875,177.15379333496094,177.4149932861328,285191.0
2026-02-24 20:30:00+00:00,177.41000366210938,178.52999877929688,177.3300018310547,178.4250030517578,467661.0
2026-02-25 14:30:00+00:00,179.14999389648438,181.19000244140625,178.99000549316406,180.5050048828125,543088.0
2026-02-25 15:30:00+00:00,180.5050048828125,180.7100067138672,179.55999755859375,179.95509338378906,231474.0
2026-02-25 16:30:00+00:00,180.02999877929688,181.0200042724609,180.02999877929688,180.9900054931641,215114.0
2026-02-25 17:30:00+00:00,181.0,181.63999938964844,180.97000122070312,181.3000030517578,339882.0
2026-02-25 18:30:00+00:00,181.3300018310547,181.3699951171875,180.7400054931641,181.26499938964844,319288.0
2026-02-25 19:30:00+00:00,181.26499938964844,181.509994506836,180.22000122070312,180.6649932861328,706910.0
2026-02-25 20:30:00+00:00,180.63999938964844,181.4600067138672,180.6100006103516,181.1100006103516,460703.0
2026-02-26 14:30:00+00:00,182.44000244140625,185.5399932861328,181.7850036621093,185.375,268407.0
2026-02-26 15:30:00+00:00,185.4199981689453,185.4199981689453,183.9900054931641,184.1600036621093,285004.0
2026-02-26 16:30:00+00:00,184.17999267578125,184.2698974609375,183.6150054931641,183.8600006103516,203848.0
2026-02-26 17:30:00+00:00,183.9100036621093,184.4499969482422,183.7449951171875,183.9900054931641,188826.0
2026-02-26 18:30:00+00:00,183.97999572753903,185.13999938964844,183.7949981689453,185.1000061035156,193474.0
2026-02-26 19:30:00+00:00,185.07000732421875,185.75,184.8500061035156,185.3999938964844,310843.0
2026-02-26 20:30:00+00:00,185.4100036621093,185.6300048828125,185.09249877929688,185.25,386661.0
2026-02-27 14:30:00+00:00,185.4499969482422,186.72999572753903,184.58999633789065,185.3000030517578,435189.0
2026-02-27 15:30:00+00:00,185.3000030517578,185.92999267578125,185.22000122070312,185.25509643554688,284345.0
2026-02-27 16:30:00+00:00,185.1699981689453,185.97999572753903,185.10499572753903,185.1450042724609,276976.0
2026-02-27 17:30:00+00:00,185.2400054931641,186.44000244140625,185.17010498046875,186.4387969970703,162016.0
2026-02-27 18:30:00+00:00,186.47000122070312,186.6000061035156,186.08999633789065,186.44000244140625,152168.0
2026-02-27 19:30:00+00:00,186.42999267578125,186.97000122070312,186.1100006103516,186.97000122070312,221075.0
2026-02-27 20:30:00+00:00,186.94000244140625,187.7700042724609,186.38999938964844,186.72000122070312,511827.0
2026-03-02 14:30:00+00:00,185.33999633789065,186.8300018310547,185.1849975585937,186.1100006103516,286457.0
2026-03-02 15:30:00+00:00,186.1100006103516,186.2899932861328,184.97000122070312,184.97000122070312,173988.0
2026-03-02 16:30:00+00:00,184.97000122070312,185.22000122070312,184.6300048828125,184.93310546875,195515.0
2026-03-02 17:30:00+00:00,185.0,186.42999267578125,184.7700042724609,186.1909027099609,109590.0
2026-03-02 18:30:00+00:00,186.259994506836,187.18609619140625,185.7100067138672,187.18609619140625,191528.0
2026-03-02 19:30:00+00:00,187.2050018310547,187.5050048828125,186.56500244140625,186.7700042724609,228263.0
2026-03-02 20:30:00+00:00,186.75,186.92999267578125,186.27999877929688,186.4600067138672,305293.0
2026-03-03 14:30:00+00:00,184.5,186.1300048828125,182.14010620117188,183.25,383246.0
2026-03-03 15:30:00+00:00,183.32000732421875,183.9600067138672,182.110107421875,183.1499938964844,212086.0
2026-03-03 16:30:00+00:00,183.13999938964844,183.8600006103516,182.8600006103516,183.7700042724609,147916.0
2026-03-03 17:30:00+00:00,183.7700042724609,184.5749969482422,183.42999267578125,184.5399932861328,156507.0
2026-03-03 18:30:00+00:00,184.5399932861328,185.5,184.4199981689453,184.97999572753903,258289.0
2026-03-03 19:30:00+00:00,185.0350036621093,185.5449981689453,184.5500030517578,184.58999633789065,221792.0
2026-03-03 20:30:00+00:00,184.58999633789065,184.58999633789065,183.7700042724609,184.42999267578125,175226.0
2026-03-04 14:30:00+00:00,183.3000030517578,184.06500244140625,181.8699951171875,183.1100006103516,301463.0
2026-03-04 15:30:00+00:00,183.1600036621093,183.38999938964844,181.97000122070312,183.2899932861328,153002.0
2026-03-04 16:30:00+00:00,183.33999633789065,183.5800018310547,182.8699951171875,182.8699951171875,141995.0
2026-03-04 17:30:00+00:00,182.8099975585937,183.7899932861328,182.634994506836,183.7899932861328,108724.0
2026-03-04 18:30:00+00:00,183.75,183.84100341796875,183.1600036621093,183.5800018310547,194362.0
2026-03-04 19:30:00+00:00,183.58999633789065,184.58999633789065,183.57000732421875,184.22999572753903,373743.0
2026-03-04 20:30:00+00:00,184.2899932861328,184.9900054931641,184.19009399414065,184.8300018310547,307826.0
2026-03-05 14:30:00+00:00,184.3500061035156,185.72999572753903,182.8600006103516,184.3699951171875,224056.0
2026-03-05 15:30:00+00:00,184.3699951171875,185.3500061035156,183.7899932861328,185.3500061035156,160471.0
2026-03-05 16:30:00+00:00,185.3000030517578,185.47999572753903,184.4750061035156,184.8999938964844,197907.0
2026-03-05 17:30:00+00:00,184.88999938964844,186.7949981689453,184.759994506836,186.6600036621093,247769.0
2026-03-05 18:30:00+00:00,186.67999267578125,186.6999969482422,185.0800018310547,185.2700042724609,160693.0
2026-03-05 19:30:00+00:00,185.2675018310547,185.88999938964844,185.04010009765625,185.69000244140625,172433.0
2026-03-05 20:30:00+00:00,185.67999267578125,185.82000732421875,184.7899932861328,184.97000122070312,281621.0
2026-03-06 14:30:00+00:00,184.2899932861328,184.2899932861328,180.97000122070312,182.80499267578125,362577.0
2026-03-06 15:30:00+00:00,182.8000030517578,183.52999877929688,181.4499969482422,183.0200042724609,279522.0
2026-03-06 16:30:00+00:00,182.9900054931641,183.4969024658203,182.4949951171875,182.6450042724609,293754.0
2026-03-06 17:30:00+00:00,182.6100006103516,182.7250061035156,181.4199981689453,181.8699951171875,342270.0
2026-03-06 18:30:00+00:00,181.8699951171875,183.1479949951172,181.8650054931641,183.13560485839844,404964.0
2026-03-06 19:30:00+00:00,183.07000732421875,184.2250061035156,183.0500030517578,184.2100067138672,212126.0
2026-03-06 20:30:00+00:00,184.2100067138672,184.22999572753903,182.9100036621093,183.0800018310547,476004.0
2026-03-09 13:30:00+00:00,182.2400054931641,182.44500732421875,177.9199981689453,178.4949951171875,371950.0
2026-03-09 14:30:00+00:00,178.58999633789062,181.2400054931641,178.58999633789062,181.0350036621093,451063.0
2026-03-09 15:30:00+00:00,181.1199951171875,181.27999877929688,179.86000061035156,180.6199951171875,228450.0
2026-03-09 16:30:00+00:00,180.69000244140625,180.8300018310547,179.8000030517578,179.94000244140625,252241.0
2026-03-09 17:30:00+00:00,179.9250030517578,180.02499389648438,178.5500030517578,179.36000061035156,534142.0
2026-03-09 18:30:00+00:00,179.36000061035156,179.77999877929688,178.11000061035156,179.75999450683594,356861.0
2026-03-09 19:30:00+00:00,179.75999450683594,180.5500030517578,179.52499389648438,179.97999572753906,387545.0
2026-03-10 13:30:00+00:00,179.08999633789062,179.08999633789062,173.9499969482422,175.1999969482422,324151.0
2026-03-10 14:30:00+00:00,175.30499267578125,176.36500549316406,174.9600067138672,176.03500366210938,213997.0
2026-03-10 15:30:00+00:00,176.02999877929688,176.77000427246094,175.42999267578125,176.32000732421875,283522.0
2026-03-10 16:30:00+00:00,176.33749389648438,177.38099670410156,176.1750030517578,177.1999969482422,136051.0
2026-03-10 17:30:00+00:00,177.24000549316406,177.27999877929688,173.82000732421875,175.22999572753906,266722.0
2026-03-10 18:30:00+00:00,175.22999572753906,175.36000061035156,174.50999450683594,174.5500030517578,304142.0
2026-03-10 19:30:00+00:00,174.5500030517578,174.5500030517578,173.85000610351562,174.00999450683594,463942.0
2026-03-11 13:30:00+00:00,174.35000610351562,175.30999755859375,172.1999969482422,172.35000610351562,312991.0
2026-03-11 14:30:00+00:00,172.35000610351562,173.9199981689453,172.31500244140625,172.8300018310547,281002.0
2026-03-11 15:30:00+00:00,172.7899932861328,173.22999572753906,171.56500244140625,172.68499755859375,237819.0
2026-03-11 16:30:00+00:00,172.65750122070312,173.0399932861328,172.25999450683594,172.94500732421875,208531.0
2026-03-11 17:30:00+00:00,173.02999877929688,174.32000732421875,173.02999877929688,174.31500244140625,459350.0
2026-03-11 18:30:00+00:00,174.25999450683594,174.58999633789062,173.9199981689453,174.13900756835938,367646.0
2026-03-11 19:30:00+00:00,174.11000061035156,174.52499389648438,173.67999267578125,173.99000549316406,427832.0
2026-03-12 13:30:00+00:00,173.24000549316406,175.9499969482422,173.0,175.33999633789062,294278.0
2026-03-12 14:30:00+00:00,175.47000122070312,176.4199981689453,175.03500366210938,175.03500366210938,270485.0
2026-03-12 15:30:00+00:00,175.05599975585938,175.10000610351562,171.80999755859375,173.26499938964844,302410.0
2026-03-12 16:30:00+00:00,173.25999450683594,174.22999572753906,173.17999267578125,174.14500427246094,255676.0
2026-03-12 17:30:00+00:00,174.14500427246094,174.4600067138672,172.64500427246094,172.6999969482422,262888.0
2026-03-12 18:30:00+00:00,172.74000549316406,172.75999450683594,171.9499969482422,172.14999389648438,297422.0
2026-03-12 19:30:00+00:00,172.125,172.39999389648438,170.86000061035156,170.8800048828125,499573.0
2026-03-13 13:30:00+00:00,172.86000061035156,173.84500122070312,171.17999267578125,172.47500610351562,145430.0
2026-03-13 14:30:00+00:00,172.58999633789062,172.67999267578125,171.8000030517578,172.05999755859375,101305.0
2026-03-13 15:30:00+00:00,172.05999755859375,172.6699981689453,171.9499969482422,172.6699981689453,149431.0
2026-03-13 16:30:00+00:00,172.6999969482422,172.8199005126953,172.02000427246094,172.73500061035156,151746.0
2026-03-13 17:30:00+00:00,172.72999572753906,173.22000122070312,172.1750030517578,172.8249969482422,192835.0
2026-03-13 18:30:00+00:00,172.8300018310547,173.00999450683594,172.35000610351562,172.40499877929688,194475.0
2026-03-13 19:30:00+00:00,172.41000366210938,172.57000732421875,172.1199951171875,172.14999389648438,301230.0
2026-03-16 13:30:00+00:00,173.14999389648438,174.72999572753906,171.39999389648438,174.61000061035156,274303.0
2026-03-16 14:30:00+00:00,174.55999755859375,174.61000061035156,173.77999877929688,174.39999389648438,203055.0
2026-03-16 15:30:00+00:00,174.42999267578125,174.6999969482422,173.02000427246094,173.1300048828125,232760.0
2026-03-16 16:30:00+00:00,173.2100067138672,174.19000244140625,173.2100067138672,174.14540100097656,166397.0
2026-03-16 17:30:00+00:00,174.16009521484375,174.80999755859375,173.6999969482422,174.6999969482422,225917.0
2026-03-16 18:30:00+00:00,174.6999969482422,174.77999877929688,173.44000244140625,174.0399932861328,227942.0
2026-03-16 19:30:00+00:00,173.99000549316406,174.0800018310547,173.27000427246094,173.83999633789062,319389.0
2026-03-17 13:30:00+00:00,175.0,176.6199951171875,174.9499969482422,175.27999877929688,169306.0
2026-03-17 14:30:00+00:00,175.3300018310547,175.6199951171875,174.97999572753906,175.1999969482422,116804.0
2026-03-17 15:30:00+00:00,175.1999969482422,175.35000610351562,172.60000610351562,172.9600067138672,141255.0
2026-03-17 16:30:00+00:00,172.92999267578125,173.4250030517578,172.19500732421875,172.4600067138672,264073.0
2026-03-17 17:30:00+00:00,172.4600067138672,172.60000610351562,170.94000244140625,171.19000244140625,268176.0
2026-03-17 18:30:00+00:00,171.08999633789062,172.67999267578125,171.08999633789062,172.60499572753906,205554.0
2026-03-17 19:30:00+00:00,172.59500122070312,172.6999969482422,171.88999938964844,171.94000244140625,532688.0
2026-03-18 13:30:00+00:00,170.75,171.88999938964844,164.88999938964844,170.69500732421875,273609.0
2026-03-18 14:30:00+00:00,170.8699951171875,170.8800048828125,169.39999389648438,170.66000366210938,174795.0
2026-03-18 15:30:00+00:00,170.60000610351562,170.83999633789062,169.8000030517578,170.17750549316406,146522.0
2026-03-18 16:30:00+00:00,170.1300048828125,170.5399932861328,169.8300018310547,170.36000061035156,107840.0
2026-03-18 17:30:00+00:00,170.36000061035156,171.02000427246094,170.22999572753906,171.00999450683594,151185.0
2026-03-18 18:30:00+00:00,170.94500732421875,171.11000061035156,170.25999450683594,170.9499969482422,306141.0
2026-03-18 19:30:00+00:00,171.0299072265625,171.5500030517578,170.92999267578125,171.0500030517578,373298.0
2026-03-19 13:30:00+00:00,171.25,172.3800048828125,170.4199981689453,170.99000549316406,312631.0
2026-03-19 14:30:00+00:00,170.99000549316406,171.13499450683594,170.375,170.89999389648438,293705.0
2026-03-19 15:30:00+00:00,170.94000244140625,171.02000427246094,169.97000122070312,170.41000366210938,390580.0
2026-03-19 16:30:00+00:00,170.39999389648438,170.72999572753906,169.7949981689453,170.14999389648438,225635.0
2026-03-19 17:30:00+00:00,170.22500610351562,170.91000366210938,170.05999755859375,170.28599548339844,266262.0
2026-03-19 18:30:00+00:00,170.24000549316406,171.8350067138672,170.0800018310547,171.35000610351562,273822.0
2026-03-19 19:30:00+00:00,171.2100067138672,171.6699981689453,170.8800048828125,170.91000366210938,462004.0
2026-03-20 13:30:00+00:00,172.80999755859375,173.2100067138672,171.3800048828125,173.06500244140625,684646.0
2026-03-20 14:30:00+00:00,173.05999755859375,174.39999389648438,172.8300018310547,174.02000427246094,291476.0
2026-03-20 15:30:00+00:00,174.02000427246094,176.1300048828125,173.9300994873047,175.9199981689453,336923.0
2026-03-20 16:30:00+00:00,175.7899932861328,176.2100067138672,175.5800018310547,175.96009826660156,452081.0
2026-03-20 17:30:00+00:00,176.09500122070312,176.89999389648438,175.2949981689453,175.95199584960938,392923.0
2026-03-20 18:30:00+00:00,175.88999938964844,176.0500030517578,175.36500549316406,175.59640502929688,545002.0
2026-03-20 19:30:00+00:00,175.6300048828125,176.69000244140625,174.27999877929688,176.5399932861328,1104229.0
2026-03-23 13:30:00+00:00,176.47000122070312,178.16000366210938,174.5034942626953,175.8800048828125,324690.0
2026-03-23 14:30:00+00:00,175.8800048828125,176.39999389648438,175.4199981689453,175.7050018310547,330719.0
2026-03-23 15:30:00+00:00,175.74000549316406,175.92999267578125,174.0500030517578,174.4149932861328,230189.0
2026-03-23 16:30:00+00:00,174.50999450683594,175.08999633789062,174.27000427246094,174.52999877929688,178959.0
2026-03-23 17:30:00+00:00,174.47500610351562,175.47999572753906,174.4499969482422,174.69000244140625,213542.0
2026-03-23 18:30:00+00:00,174.6999969482422,175.83999633789062,174.6999969482422,174.8939971923828,253777.0
2026-03-23 19:30:00+00:00,174.91000366210938,175.33999633789062,173.8300018310547,173.89999389648438,456406.0
2026-03-24 13:30:00+00:00,174.14999389648438,174.86000061035156,172.97000122070312,173.85000610351562,343778.0
2026-03-24 14:30:00+00:00,173.85000610351562,174.25999450683594,172.69000244140625,173.08999633789062,328735.0
2026-03-24 15:30:00+00:00,173.00999450683594,173.8300018310547,172.6699981689453,173.8300018310547,215226.0
2026-03-24 16:30:00+00:00,173.88999938964844,174.19000244140625,173.27000427246094,173.7899932861328,188935.0
2026-03-24 17:30:00+00:00,173.72500610351562,174.13499450683594,173.42999267578125,173.8000030517578,252232.0
2026-03-24 18:30:00+00:00,173.72000122070312,174.48500061035156,173.43499755859375,173.63999938964844,251744.0
2026-03-24 19:30:00+00:00,173.61500549316406,173.89999389648438,172.92999267578125,173.08999633789062,400227.0
2026-03-25 13:30:00+00:00,171.91000366210938,174.39999389648438,170.27999877929688,171.0800018310547,422093.0
2026-03-25 14:30:00+00:00,171.01499938964844,172.27999877929688,169.74000549316406,171.22999572753906,387582.0
2026-03-25 15:30:00+00:00,171.17999267578125,172.125,170.9949951171875,172.0399932861328,307549.0
2026-03-25 16:30:00+00:00,172.07000732421875,172.7100067138672,171.97500610351562,172.67999267578125,189313.0
2026-03-25 17:30:00+00:00,172.67999267578125,173.09500122070312,172.46499633789062,172.83009338378906,466811.0
2026-03-25 18:30:00+00:00,172.84390258789062,174.13999938964844,172.69000244140625,174.0749969482422,340539.0
2026-03-25 19:30:00+00:00,174.0749969482422,174.44000244140625,173.69000244140625,174.2100067138672,899729.0
2026-03-26 13:30:00+00:00,174.3699951171875,177.0399932861328,173.92999267578125,176.7100067138672,293036.0
2026-03-26 14:30:00+00:00,176.72999572753906,176.92999267578125,175.2100067138672,175.2100067138672,252182.0
2026-03-26 15:30:00+00:00,175.25999450683594,175.69000244140625,173.9600067138672,173.9600067138672,278373.0
2026-03-26 16:30:00+00:00,173.94000244140625,174.3300018310547,173.63999938964844,174.32000732421875,257946.0
2026-03-26 17:30:00+00:00,174.32000732421875,175.17999267578125,174.0749969482422,174.7449951171875,341998.0
2026-03-26 18:30:00+00:00,174.74000549316406,174.91000366210938,173.6199951171875,173.64999389648438,302510.0
2026-03-26 19:30:00+00:00,173.58999633789062,174.17999267578125,173.25,174.13999938964844,426174.0
2026-03-27 13:30:00+00:00,173.8300018310547,174.47999572753906,172.2425994873047,173.73500061035156,461403.0
2026-03-27 14:30:00+00:00,173.73500061035156,174.55999755859375,173.4199981689453,173.6199951171875,347149.0
2026-03-27 15:30:00+00:00,173.6300048828125,173.6300048828125,171.66000366210938,171.90499877929688,501338.0
2026-03-27 16:30:00+00:00,171.9550018310547,172.0800018310547,171.05999755859375,171.47999572753906,393509.0
2026-03-27 17:30:00+00:00,171.60000610351562,171.89999389648438,171.00999450683594,171.25999450683594,233369.0
2026-03-27 18:30:00+00:00,171.25999450683594,171.52499389648438,170.52999877929688,171.07000732421875,451087.0
2026-03-27 19:30:00+00:00,171.09500122070312,171.09500122070312,169.14999389648438,169.1699981689453,621370.0
2026-03-30 13:30:00+00:00,170.1699981689453,173.67999267578125,170.1300048828125,173.61000061035156,555734.0
2026-03-30 14:30:00+00:00,173.41000366210938,174.85000610351562,173.3563995361328,174.2899932861328,317411.0
2026-03-30 15:30:00+00:00,174.2899932861328,175.5800018310547,174.05499267578125,175.0800018310547,277667.0
2026-03-30 16:30:00+00:00,175.21749877929688,175.5,174.19009399414062,174.1999969482422,220081.0
2026-03-30 17:30:00+00:00,174.27000427246094,174.63999938964844,173.50999450683594,173.89999389648438,288146.0
2026-03-30 18:30:00+00:00,173.89999389648438,174.47999572753906,173.72999572753906,174.3000030517578,361529.0
2026-03-30 19:30:00+00:00,174.22999572753906,175.2899932861328,174.1226043701172,174.74000549316406,411156.0
2026-03-31 13:30:00+00:00,174.9199981689453,176.63999938964844,173.24000549316406,175.91000366210938,2188524.0
2026-03-31 14:30:00+00:00,175.81500244140625,175.97000122070312,173.60000610351562,174.47500610351562,341675.0
2026-03-31 15:30:00+00:00,174.39999389648438,175.17999267578125,173.8300018310547,173.9250030517578,252208.0
2026-03-31 16:30:00+00:00,173.9250030517578,175.7550048828125,173.3800048828125,173.4550018310547,190207.0
2026-03-31 17:30:00+00:00,173.4499969482422,173.73500061035156,171.5500030517578,172.5399932861328,377394.0
2026-03-31 18:30:00+00:00,172.50999450683594,173.97999572753906,172.27999877929688,173.88499450683594,234028.0
2026-03-31 19:30:00+00:00,173.88499450683594,173.92999267578125,172.86000061035156,173.4600067138672,487953.0
2026-04-01 13:30:00+00:00,172.77000427246094,173.47500610351562,171.57749938964844,173.13999938964844,259469.0
2026-04-01 14:30:00+00:00,173.05499267578125,174.44500732421875,173.05499267578125,174.06500244140625,270076.0
2026-04-01 15:30:00+00:00,174.06500244140625,174.72999572753906,173.9600067138672,174.33999633789062,273937.0
2026-04-01 16:30:00+00:00,174.33999633789062,174.75,174.2100067138672,174.4927978515625,136660.0
2026-04-01 17:30:00+00:00,174.5500030517578,174.68499755859375,173.25,173.25,227119.0
2026-04-01 18:30:00+00:00,173.25,173.3300018310547,171.89999389648438,172.2449951171875,245478.0
2026-04-01 19:30:00+00:00,172.2100067138672,172.67999267578125,171.58999633789062,171.89999389648438,364689.0
2026-04-02 13:30:00+00:00,171.94000244140625,174.4499969482422,171.72999572753906,174.27999877929688,248647.0
2026-04-02 14:30:00+00:00,174.28250122070312,176.1649932861328,173.9499969482422,174.14999389648438,196728.0
2026-04-02 15:30:00+00:00,174.14999389648438,174.5800018310547,173.8699951171875,173.8699951171875,143536.0
2026-04-02 16:30:00+00:00,173.83999633789062,174.8000030517578,173.61000061035156,174.32000732421875,260586.0
2026-04-02 17:30:00+00:00,174.32000732421875,174.38999938964844,173.63999938964844,174.36000061035156,200445.0
2026-04-02 18:30:00+00:00,174.47999572753906,174.6699981689453,173.875,174.02000427246094,252326.0
2026-04-02 19:30:00+00:00,173.95339965820312,174.6300048828125,173.86000061035156,174.5500030517578,305504.0
2026-04-06 13:30:00+00:00,175.0,176.32000732421875,174.4199981689453,175.78359985351562,214185.0
2026-04-06 14:30:00+00:00,175.9250030517578,176.07000732421875,175.3800048828125,175.60000610351562,170504.0
2026-04-06 15:30:00+00:00,175.61000061035156,175.875,175.5,175.64999389648438,123829.0
2026-04-06 16:30:00+00:00,175.64999389648438,176.0,175.54010009765625,175.9250030517578,183819.0
2026-04-06 17:30:00+00:00,175.9250030517578,176.0800018310547,175.57850646972656,175.89999389648438,179478.0
2026-04-06 18:30:00+00:00,175.92999267578125,175.97999572753906,174.52999877929688,174.75999450683594,224070.0
2026-04-06 19:30:00+00:00,174.7899932861328,175.47999572753906,174.6699981689453,174.88999938964844,413217.0
2026-04-07 13:30:00+00:00,175.17999267578125,175.44000244140625,173.1699981689453,174.0,147965.0
2026-04-07 14:30:00+00:00,173.9499969482422,174.05999755859375,173.22500610351562,173.3000030517578,139684.0
2026-04-07 15:30:00+00:00,173.3699951171875,173.57000732421875,172.86500549316406,173.07000732421875,138060.0
2026-04-07 16:30:00+00:00,173.1199951171875,173.5449981689453,172.8300018310547,172.8300018310547,137517.0
2026-04-07 17:30:00+00:00,172.8000030517578,173.3000030517578,172.3699951171875,173.0399932861328,148054.0
2026-04-07 18:30:00+00:00,173.0399932861328,173.47000122070312,172.67999267578125,173.1750030517578,209721.0
2026-04-07 19:30:00+00:00,173.1750030517578,173.19000244140625,172.3000030517578,172.66000366210938,283347.0
2026-04-08 13:30:00+00:00,171.99000549316406,175.03500366210938,171.86000061035156,174.77999877929688,253894.0
2026-04-08 14:30:00+00:00,174.7949981689453,175.50999450683594,174.27499389648438,175.1699981689453,238698.0
2026-04-08 15:30:00+00:00,175.1699981689453,175.74000549316406,175.08999633789062,175.16000366210938,138573.0
2026-04-08 16:30:00+00:00,175.1199951171875,175.41000366210938,174.7100067138672,175.1300048828125,103162.0
2026-04-08 17:30:00+00:00,175.0500030517578,175.42930603027344,174.77000427246094,175.05999755859375,142451.0
2026-04-08 18:30:00+00:00,175.0800018310547,175.44000244140625,174.96499633789062,175.27000427246094,193283.0
2026-04-08 19:30:00+00:00,175.27000427246094,175.97000122070312,175.02999877929688,175.82000732421875,284782.0
2026-04-09 13:30:00+00:00,173.36000061035156,174.6750030517578,173.01539611816406,173.76220703125,206441.0
2026-04-09 14:30:00+00:00,173.75,173.9600067138672,172.02999877929688,172.64999389648438,384343.0
2026-04-09 15:30:00+00:00,172.42999267578125,174.0050048828125,172.4149932861328,173.85000610351562,272463.0
2026-04-09 16:30:00+00:00,173.83999633789062,174.10000610351562,173.66000366210938,173.77999877929688,192894.0
2026-04-09 17:30:00+00:00,173.75,173.88999938964844,173.19000244140625,173.41000366210938,222716.0
2026-04-09 18:30:00+00:00,173.41000366210938,173.4499969482422,172.70010375976562,172.97999572753906,181071.0
2026-04-09 19:30:00+00:00,173.00999450683594,173.33999633789062,172.72000122070312,173.10000610351562,288148.0
2026-04-10 13:30:00+00:00,171.74000549316406,172.0050048828125,168.05999755859375,169.49000549316406,270234.0
2026-04-10 14:30:00+00:00,169.5,169.5,166.47500610351562,166.6750030517578,347995.0
2026-04-10 15:30:00+00:00,166.7899932861328,167.0500030517578,165.05499267578125,166.11000061035156,301639.0
2026-04-10 16:30:00+00:00,166.13999938964844,167.63999938964844,166.10000610351562,167.17999267578125,350655.0
2026-04-10 17:30:00+00:00,167.1300048828125,167.45599365234375,166.64999389648438,167.17999267578125,190803.0
2026-04-10 18:30:00+00:00,167.1300048828125,168.44000244140625,166.92999267578125,168.3000030517578,343639.0
2026-04-10 19:30:00+00:00,168.33999633789062,168.61000061035156,167.61000061035156,168.1300048828125,634763.0
2026-04-13 13:30:00+00:00,168.8300018310547,170.69000244140625,168.27999877929688,170.34500122070312,293398.0
2026-04-13 14:30:00+00:00,170.38999938964844,170.92999267578125,169.9199981689453,170.0,338625.0
2026-04-13 15:30:00+00:00,169.97000122070312,170.9499969482422,169.74000549316406,170.80999755859375,262666.0
2026-04-13 16:30:00+00:00,170.8800048828125,172.22000122070312,170.8300018310547,172.0399932861328,336115.0
2026-04-13 17:30:00+00:00,172.0010986328125,173.2449951171875,171.9149932861328,172.97000122070312,326251.0
2026-04-13 18:30:00+00:00,172.9499969482422,173.18499755859375,172.4199981689453,173.08999633789062,257243.0
2026-04-13 19:30:00+00:00,173.08999633789062,173.57000732421875,172.9199981689453,173.52000427246094,480617.0
2026-04-14 13:30:00+00:00,172.49000549316406,173.83999633789062,171.75999450683594,173.52499389648438,201006.0
2026-04-14 14:30:00+00:00,173.52499389648438,173.77999877929688,172.97000122070312,173.2100067138672,192149.0
2026-04-14 15:30:00+00:00,173.23500061035156,173.2899932861328,172.66000366210938,172.8800048828125,140488.0
2026-04-14 16:30:00+00:00,172.8800048828125,172.9499969482422,172.27999877929688,172.6300048828125,176467.0
2026-04-14 17:30:00+00:00,172.6699981689453,172.8300018310547,172.3800048828125,172.61000061035156,189564.0
2026-04-14 18:30:00+00:00,172.55999755859375,173.02000427246094,172.4199981689453,172.99000549316406,245401.0
2026-04-14 19:30:00+00:00,173.02999877929688,173.25999450683594,172.49000549316406,172.83999633789062,278684.0
2026-04-15 13:30:00+00:00,173.44000244140625,174.5500030517578,172.52999877929688,173.5399932861328,255415.0
2026-04-15 14:30:00+00:00,173.5399932861328,174.83999633789062,173.08999633789062,174.74000549316406,295440.0
2026-04-15 15:30:00+00:00,174.74000549316406,174.77000427246094,174.25,174.6300048828125,238186.0
2026-04-15 16:30:00+00:00,174.6300048828125,175.83999633789062,174.6300048828125,175.64999389648438,221949.0
2026-04-15 17:30:00+00:00,175.65499877929688,175.65499877929688,175.22000122070312,175.57000732421875,216724.0
2026-04-15 18:30:00+00:00,175.52999877929688,175.8000030517578,175.2899932861328,175.42999267578125,355809.0
2026-04-15 19:30:00+00:00,175.38999938964844,175.60000610351562,174.74000549316406,174.89999389648438,400432.0
2026-04-16 13:30:00+00:00,178.19000244140625,182.52999877929688,178.10000610351562,181.759994506836,663653.0
2026-04-16 14:30:00+00:00,181.8600006103516,182.8699951171875,181.7100067138672,182.8650054931641,457483.0
2026-04-16 15:30:00+00:00,182.8300018310547,183.4100036621093,182.1000061035156,182.9100036621093,286641.0
2026-04-16 16:30:00+00:00,182.97000122070312,183.1999969482422,182.1600036621093,182.8800048828125,284310.0
2026-04-16 17:30:00+00:00,182.9149932861328,183.3800048828125,182.5399932861328,183.1150054931641,359557.0
2026-04-16 18:30:00+00:00,183.1100006103516,183.4499969482422,182.1499938964844,182.4499969482422,454091.0
2026-04-16 19:30:00+00:00,182.4550018310547,183.1199951171875,182.3000030517578,182.4600067138672,605683.0
2026-04-17 13:30:00+00:00,181.759994506836,182.10499572753903,179.30999755859375,180.1199951171875,439155.0
2026-04-17 14:30:00+00:00,180.1199951171875,180.6100006103516,179.27000427246094,179.5749969482422,306593.0
2026-04-17 15:30:00+00:00,179.6699981689453,179.6699981689453,178.57000732421875,179.2449951171875,344124.0
2026-04-17 16:30:00+00:00,179.2449951171875,180.28990173339844,179.22999572753906,179.6999969482422,379344.0
2026-04-17 17:30:00+00:00,179.6999969482422,179.86000061035156,178.0,178.1300048828125,270034.0
2026-04-17 18:30:00+00:00,178.13999938964844,178.39999389648438,177.10000610351562,177.1649932861328,243821.0
2026-04-17 19:30:00+00:00,177.1999969482422,177.32000732421875,175.69000244140625,175.7100067138672,679071.0
2026-04-20 13:30:00+00:00,175.9499969482422,176.58999633789062,174.5399932861328,175.6300048828125,387636.0
2026-04-20 14:30:00+00:00,175.6649932861328,175.83250427246094,173.5449981689453,173.7259979248047,531984.0
2026-04-20 15:30:00+00:00,173.72000122070312,174.76499938964844,172.8699951171875,174.58999633789062,897326.0
2026-04-20 16:30:00+00:00,174.5500030517578,174.6300048828125,173.4949951171875,173.7949981689453,208009.0
2026-04-20 17:30:00+00:00,173.85000610351562,175.1300048828125,173.85000610351562,174.75999450683594,850435.0
2026-04-20 18:30:00+00:00,174.75999450683594,174.91000366210938,173.88999938964844,174.4199981689453,269933.0
2026-04-20 19:30:00+00:00,174.4199981689453,174.8800048828125,173.92999267578125,174.4600067138672,1051933.0
2026-04-21 13:30:00+00:00,175.85000610351562,177.75999450683594,175.07000732421875,176.8800048828125,221481.0
2026-04-21 14:30:00+00:00,176.94000244140625,176.97000122070312,175.2100067138672,175.75999450683594,205306.0
2026-04-21 15:30:00+00:00,175.69000244140625,175.9600067138672,175.2100067138672,175.60000610351562,166075.0
2026-04-21 16:30:00+00:00,175.6300048828125,176.87989807128906,175.31500244140625,176.86500549316406,268273.0
2026-04-21 17:30:00+00:00,176.88999938964844,177.63499450683594,176.5800018310547,177.14999389648438,266201.0
2026-04-21 18:30:00+00:00,177.10000610351562,177.97000122070312,176.9499969482422,177.8699951171875,221094.0
2026-04-21 19:30:00+00:00,177.88999938964844,179.0800018310547,177.74000549316406,178.99000549316406,618732.0
2026-04-22 13:30:00+00:00,178.30999755859375,178.85000610351562,176.6649932861328,177.0500030517578,392288.0
2026-04-22 14:30:00+00:00,176.97000122070312,177.22999572753906,175.6199951171875,175.91000366210938,250383.0
2026-04-22 15:30:00+00:00,175.97000122070312,176.02999877929688,175.10000610351562,175.35000610351562,163551.0
2026-04-22 16:30:00+00:00,175.2899932861328,175.97000122070312,175.11000061035156,175.13999938964844,186005.0
2026-04-22 17:30:00+00:00,175.13999938964844,175.47500610351562,174.1999969482422,174.47500610351562,219072.0
2026-04-22 18:30:00+00:00,174.47999572753906,176.0,174.26499938964844,176.0,500993.0
2026-04-22 19:30:00+00:00,176.02999877929688,176.1999969482422,175.0,175.5,668006.0
2026-04-23 13:30:00+00:00,174.6999969482422,175.10000610351562,172.88999938964844,174.33999633789062,450278.0
2026-04-23 14:30:00+00:00,174.41000366210938,174.55999755859375,173.4600067138672,173.89999389648438,295257.0
2026-04-23 15:30:00+00:00,173.8000030517578,174.0399932861328,172.5,172.52000427246094,504343.0
2026-04-23 16:30:00+00:00,172.5800018310547,173.44000244140625,172.4499969482422,173.09500122070312,234087.0
2026-04-23 17:30:00+00:00,173.125,174.22500610351562,172.75,174.14999389648438,239017.0
2026-04-23 18:30:00+00:00,174.22500610351562,174.57000732421875,173.72000122070312,174.38999938964844,253369.0
2026-04-23 19:30:00+00:00,174.3699951171875,174.3699951171875,173.25999450683594,173.97999572753906,536428.0
2026-04-24 13:30:00+00:00,172.41000366210938,173.2480010986328,171.11000061035156,172.4199981689453,189085.0
2026-04-24 14:30:00+00:00,172.4600067138672,172.79249572753906,171.4499969482422,171.5,146000.0
2026-04-24 15:30:00+00:00,171.44000244140625,171.77000427246094,170.74000549316406,170.91000366210938,130086.0
2026-04-24 16:30:00+00:00,170.83999633789062,171.5800018310547,170.75999450683594,171.11500549316406,140747.0
2026-04-24 17:30:00+00:00,171.0800018310547,171.11000061035156,170.6999969482422,170.88499450683594,129612.0
2026-04-24 18:30:00+00:00,170.8800048828125,170.9499969482422,170.07000732421875,170.27000427246094,134887.0
2026-04-24 19:30:00+00:00,170.25,170.58999633789062,169.6199951171875,170.05999755859375,386020.0
2026-04-27 13:30:00+00:00,169.0500030517578,173.00999450683594,169.0500030517578,172.60000610351562,413781.0
2026-04-27 14:30:00+00:00,172.625,173.0749969482422,172.22000122070312,172.97999572753906,468605.0
2026-04-27 15:30:00+00:00,172.9199981689453,172.9199981689453,171.72000122070312,172.3300018310547,225875.0
2026-04-27 16:30:00+00:00,172.36500549316406,172.3699951171875,171.97000122070312,171.97000122070312,391799.0
2026-04-27 17:30:00+00:00,171.9199981689453,171.99000549316406,171.19000244140625,171.50999450683594,236638.0
2026-04-27 18:30:00+00:00,171.50999450683594,171.50999450683594,170.6300048828125,170.9499969482422,185916.0
2026-04-27 19:30:00+00:00,170.89999389648438,171.3300018310547,170.10000610351562,170.16000366210938,385270.0
2026-04-28 13:30:00+00:00,172.3699951171875,172.85000610351562,169.12010192871094,169.77000427246094,249506.0
2026-04-28 14:30:00+00:00,169.69000244140625,171.69500732421875,169.69000244140625,170.55499267578125,175041.0
2026-04-28 15:30:00+00:00,170.5800018310547,170.83999633789062,170.1300048828125,170.16000366210938,110837.0
2026-04-28 16:30:00+00:00,170.11500549316406,170.19000244140625,169.43499755859375,169.72999572753906,122839.0
2026-04-28 17:30:00+00:00,169.77000427246094,169.9949951171875,169.0500030517578,169.05499267578125,134707.0
2026-04-28 18:30:00+00:00,169.0399932861328,169.6199951171875,168.86500549316406,169.39999389648438,264412.0
2026-04-28 19:30:00+00:00,169.33999633789062,170.86000061035156,169.17999267578125,170.80999755859375,317519.0
2026-04-29 13:30:00+00:00,170.6199951171875,171.49000549316406,169.78750610351562,169.83999633789062,190368.0
2026-04-29 14:30:00+00:00,169.8800048828125,170.58990478515625,169.49000549316406,170.375,203822.0
2026-04-29 15:30:00+00:00,170.3699951171875,170.9499969482422,169.89500427246094,170.76089477539062,192730.0
2026-04-29 16:30:00+00:00,170.86000061035156,171.02999877929688,170.1750030517578,170.30499267578125,137332.0
2026-04-29 17:30:00+00:00,170.30499267578125,170.58999633789062,170.11000061035156,170.50999450683594,223412.0
2026-04-29 18:30:00+00:00,170.53500366210938,170.91000366210938,170.31500244140625,170.77999877929688,219888.0
2026-04-29 19:30:00+00:00,170.83999633789062,171.30999755859375,170.71499633789062,170.8300018310547,454752.0
2026-04-30 13:30:00+00:00,168.36000061035156,169.63499450683594,165.7050018310547,168.1300048828125,478267.0
2026-04-30 14:30:00+00:00,168.13999938964844,168.26499938964844,166.4600067138672,166.5800018310547,320722.0
2026-04-30 15:30:00+00:00,166.66000366210938,167.3000030517578,166.1699981689453,167.0,357536.0
2026-04-30 16:30:00+00:00,166.9199981689453,166.99000549316406,166.32000732421875,166.8800048828125,175039.0
2026-04-30 17:30:00+00:00,166.8800048828125,168.25999450683594,166.85000610351562,168.0399932861328,239781.0
2026-04-30 18:30:00+00:00,168.01499938964844,168.3800048828125,167.69000244140625,167.99000549316406,236554.0
2026-04-30 19:30:00+00:00,167.99000549316406,168.32000732421875,167.44500732421875,167.6999969482422,443002.0
2026-05-01 13:30:00+00:00,168.94000244140625,170.52499389648438,168.30999755859375,170.14999389648438,312088.0
2026-05-01 14:30:00+00:00,170.2100067138672,171.02999877929688,168.82000732421875,169.33999633789062,297183.0
2026-05-01 15:30:00+00:00,169.35000610351562,169.4199981689453,168.72999572753906,168.9199981689453,143850.0
2026-05-01 16:30:00+00:00,168.9499969482422,169.0399932861328,167.46009826660156,167.5399932861328,199943.0
2026-05-01 17:30:00+00:00,167.47500610351562,167.5800018310547,166.8800048828125,167.2100067138672,199274.0
2026-05-01 18:30:00+00:00,167.2100067138672,167.3000030517578,166.1300048828125,166.1300048828125,539316.0
2026-05-01 19:30:00+00:00,166.05999755859375,166.69000244140625,166.0,166.17999267578125,358391.0
2026-05-04 13:30:00+00:00,165.60000610351562,168.36000061035156,165.0,168.36000061035156,312899.0
2026-05-04 14:30:00+00:00,168.36000061035156,169.02999877929688,167.92999267578125,168.17999267578125,256145.0
2026-05-04 15:30:00+00:00,168.24000549316406,168.32000732421875,167.3800048828125,167.50999450683594,393038.0
2026-05-04 16:30:00+00:00,167.5,167.92999267578125,167.0800018310547,167.83999633789062,453333.0
2026-05-04 17:30:00+00:00,167.86000061035156,167.88999938964844,166.9665985107422,167.0,274686.0
2026-05-04 18:30:00+00:00,166.99000549316406,168.30499267578125,166.89999389648438,167.92999267578125,306286.0
2026-05-04 19:30:00+00:00,167.9499969482422,168.0800018310547,167.6300048828125,167.92999267578125,413837.0
2026-05-05 13:30:00+00:00,167.49000549316406,167.75,165.9250030517578,166.44000244140625,327287.0
2026-05-05 14:30:00+00:00,166.44500732421875,166.6699981689453,165.89500427246094,166.41000366210938,237962.0
2026-05-05 15:30:00+00:00,166.4199981689453,166.63099670410156,165.85000610351562,166.40989685058594,163349.0
2026-05-05 16:30:00+00:00,166.26510620117188,166.8699951171875,165.72999572753906,166.63999938964844,218315.0
2026-05-05 17:30:00+00:00,166.63999938964844,167.25,166.5,167.18499755859375,160665.0
2026-05-05 18:30:00+00:00,167.1699981689453,167.97000122070312,167.08999633789062,167.55999755859375,271367.0
2026-05-05 19:30:00+00:00,167.52999877929688,167.6300048828125,167.2570037841797,167.2899932861328,355163.0
2026-05-06 13:30:00+00:00,168.17999267578125,169.0,167.61000061035156,168.5,350292.0
2026-05-06 14:30:00+00:00,168.50999450683594,168.66000366210938,166.4499969482422,166.5050048828125,454536.0
2026-05-06 15:30:00+00:00,166.4600067138672,166.57000732421875,165.44000244140625,165.6199951171875,319676.0
2026-05-06 16:30:00+00:00,165.639892578125,165.639892578125,164.97000122070312,165.3000030517578,236640.0
2026-05-06 17:30:00+00:00,165.3300018310547,165.77000427246094,165.0800018310547,165.66000366210938,198842.0
2026-05-06 18:30:00+00:00,165.60000610351562,165.64999389648438,163.8300018310547,164.09500122070312,545436.0
2026-05-06 19:30:00+00:00,164.13999938964844,164.6999969482422,163.80999755859375,163.88499450683594,412607.0
2026-05-07 13:30:00+00:00,162.85000610351562,165.97000122070312,162.85000610351562,164.32009887695312,228070.0
2026-05-07 14:30:00+00:00,164.52000427246094,166.42999267578125,163.9199981689453,165.8800048828125,248036.0
2026-05-07 15:30:00+00:00,165.89500427246094,167.50999450683594,165.80999755859375,167.06500244140625,325543.0
2026-05-07 16:30:00+00:00,167.11000061035156,167.31500244140625,166.45620727539062,166.82749938964844,312897.0
2026-05-07 17:30:00+00:00,166.7949981689453,167.3000030517578,166.0749969482422,167.1999969482422,259177.0
2026-05-07 18:30:00+00:00,167.15499877929688,167.63999938964844,166.33999633789062,167.0399932861328,436502.0
2026-05-07 19:30:00+00:00,167.05499267578125,167.1199951171875,165.99000549316406,166.08999633789062,429306.0
2026-05-08 13:30:00+00:00,165.5399932861328,166.75210571289062,162.5,163.75,185094.0
2026-05-08 14:30:00+00:00,163.64999389648438,164.55999755859375,163.24000549316406,164.5500030517578,150280.0
2026-05-08 15:30:00+00:00,164.5500030517578,164.5500030517578,163.8000030517578,164.05999755859375,159024.0
2026-05-08 16:30:00+00:00,164.13999938964844,164.6999969482422,163.8350067138672,164.02000427246094,127779.0
2026-05-08 17:30:00+00:00,164.05499267578125,165.0,163.94000244140625,164.5500030517578,156235.0
2026-05-08 18:30:00+00:00,164.60000610351562,164.72000122070312,163.5800018310547,163.69000244140625,231058.0
2026-05-08 19:30:00+00:00,163.63999938964844,163.8000030517578,163.10000610351562,163.33999633789062,378320.0
2026-05-11 13:30:00+00:00,162.99000549316406,164.60000610351562,162.25,164.41000366210938,599195.0
2026-05-11 14:30:00+00:00,164.3625030517578,164.6199951171875,163.36000061035156,163.83999633789062,369617.0
2026-05-11 15:30:00+00:00,163.83999633789062,164.82000732421875,163.3699951171875,163.3699951171875,354606.0
2026-05-11 16:30:00+00:00,163.3699951171875,163.97999572753906,162.14999389648438,162.2899932861328,655856.0
2026-05-11 17:30:00+00:00,162.2899932861328,162.86000061035156,161.86000061035156,162.16000366210938,457165.0
2026-05-11 18:30:00+00:00,162.10000610351562,162.2100067138672,161.39599609375,161.625,456374.0
2026-05-11 19:30:00+00:00,161.65499877929688,162.22999572753906,161.3800048828125,161.5500030517578,582088.0
2026-05-12 13:30:00+00:00,162.57000732421875,163.27000427246094,161.05999755859375,163.22500610351562,418293.0
2026-05-12 14:30:00+00:00,163.11000061035156,164.5500030517578,162.65499877929688,164.5500030517578,389882.0
2026-05-12 15:30:00+00:00,164.5800018310547,164.63999938964844,163.86000061035156,164.35499572753906,245109.0
2026-05-12 16:30:00+00:00,164.22999572753906,164.88499450683594,162.92999267578125,163.7899932861328,613310.0
2026-05-12 17:30:00+00:00,163.75999450683594,164.5,162.74000549316406,162.7899932861328,360676.0
2026-05-12 18:30:00+00:00,162.88999938964844,163.38499450683594,162.73500061035156,162.86000061035156,311072.0
2026-05-12 19:30:00+00:00,162.99000549316406,163.64999389648438,162.86000061035156,163.42999267578125,398940.0
2026-05-13 13:30:00+00:00,161.61000061035156,162.5800018310547,160.69000244140625,162.2100067138672,176890.0
2026-05-13 14:30:00+00:00,162.17999267578125,162.17999267578125,160.24009704589844,160.2899932861328,193665.0
2026-05-13 15:30:00+00:00,160.27999877929688,160.49000549316406,158.7050018310547,158.84500122070312,220949.0
2026-05-13 16:30:00+00:00,158.72999572753906,159.17999267578125,158.44000244140625,158.50999450683594,191396.0
2026-05-13 17:30:00+00:00,158.5,159.0850067138672,158.16000366210938,158.7550048828125,221410.0
2026-05-13 18:30:00+00:00,158.78500366210938,159.52999877929688,158.69000244140625,158.93499755859375,411789.0
2026-05-13 19:30:00+00:00,158.9550018310547,159.32000732421875,158.61000061035156,159.1300048828125,395400.0
2026-05-14 13:30:00+00:00,159.3800048828125,161.80999755859375,159.25999450683594,161.69000244140625,497206.0
2026-05-14 14:30:00+00:00,161.73500061035156,161.97999572753906,160.13499450683594,160.80999755859375,410451.0
2026-05-14 15:30:00+00:00,160.7449951171875,161.3249969482422,159.72999572753906,159.74000549316406,319560.0
2026-05-14 16:30:00+00:00,159.73500061035156,160.75999450683594,159.42999267578125,159.91000366210938,320336.0
2026-05-14 17:30:00+00:00,159.91000366210938,160.26499938964844,159.22000122070312,159.86000061035156,391295.0
2026-05-14 18:30:00+00:00,159.8300018310547,160.0449981689453,159.55999755859375,159.875,388724.0
2026-05-14 19:30:00+00:00,159.875,160.25,159.8000030517578,159.9600067138672,392436.0
2026-05-15 13:30:00+00:00,161.3800048828125,163.25999450683594,161.16000366210938,162.52999877929688,454888.0
2026-05-15 14:30:00+00:00,162.53500366210938,162.6699981689453,161.1199951171875,161.5500030517578,346950.0
2026-05-15 15:30:00+00:00,161.5500030517578,162.21499633789062,161.02000427246094,162.0,254353.0
2026-05-15 16:30:00+00:00,162.0,162.11990356445312,161.47000122070312,161.76499938964844,208163.0
2026-05-15 17:30:00+00:00,161.75999450683594,162.15499877929688,161.3699951171875,161.92999267578125,270901.0
2026-05-15 18:30:00+00:00,161.9499969482422,162.10499572753906,161.32000732421875,161.88999938964844,468984.0
2026-05-15 19:30:00+00:00,161.88999938964844,161.88999938964844,160.9600067138672,161.05999755859375,427765.0
2026-05-18 13:30:00+00:00,161.24000549316406,165.52999877929688,161.24000549316406,165.42999267578125,242112.0
2026-05-18 14:30:00+00:00,165.2899932861328,165.58999633789062,164.27999877929688,164.6750030517578,225935.0
2026-05-18 15:30:00+00:00,164.6750030517578,165.0500030517578,164.35000610351562,164.88999938964844,157055.0
2026-05-18 16:30:00+00:00,164.97999572753906,165.55999755859375,164.5800018310547,165.2899932861328,249444.0
2026-05-18 17:30:00+00:00,165.36000061035156,165.66969299316406,165.10000610351562,165.36000061035156,179245.0
2026-05-18 18:30:00+00:00,165.40499877929688,165.92999267578125,165.0800018310547,165.64999389648438,254455.0
2026-05-18 19:30:00+00:00,165.63999938964844,166.0800018310547,165.24000549316406,165.97999572753906,416697.0
2026-05-19 13:30:00+00:00,167.0,169.0800018310547,164.92999267578125,168.4949951171875,244729.0
2026-05-19 14:30:00+00:00,168.4949951171875,169.1699981689453,167.875,167.875,341364.0
2026-05-19 15:30:00+00:00,167.8300018310547,168.3249969482422,167.4149932861328,167.5749969482422,228766.0
2026-05-19 16:30:00+00:00,167.5290985107422,167.6750030517578,166.5800018310547,166.89999389648438,335367.0
2026-05-19 17:30:00+00:00,166.89999389648438,167.4550018310547,166.41000366210938,166.57000732421875,195198.0
2026-05-19 18:30:00+00:00,166.48500061035156,166.61990356445312,165.85000610351562,166.05999755859375,256876.0
2026-05-19 19:30:00+00:00,166.05999755859375,166.36000061035156,165.80999755859375,166.14999389648438,395896.0
2026-05-20 13:30:00+00:00,164.38999938964844,165.4199981689453,162.4499969482422,164.33999633789062,227713.0
2026-05-20 14:30:00+00:00,164.33999633789062,164.82000732421875,164.22000122070312,164.27000427246094,171655.0
2026-05-20 15:30:00+00:00,164.27999877929688,164.75999450683594,163.92999267578125,164.0800018310547,138579.0
2026-05-20 16:30:00+00:00,164.0800018310547,164.16000366210938,163.5800018310547,163.8249969482422,131841.0
2026-05-20 17:30:00+00:00,163.82000732421875,164.27999877929688,163.6549072265625,164.1300048828125,117123.0
2026-05-20 18:30:00+00:00,164.11000061035156,164.36990356445312,163.8350067138672,164.16000366210938,139618.0
2026-05-20 19:30:00+00:00,164.13999938964844,164.1875,163.3300018310547,163.3699951171875,270225.0
2026-05-21 13:30:00+00:00,162.0,164.63999938964844,160.80999755859375,164.50999450683594,223835.0
2026-05-21 14:30:00+00:00,164.50999450683594,164.72999572753906,163.6199951171875,163.8000030517578,174489.0
2026-05-21 15:30:00+00:00,163.89999389648438,164.0800018310547,163.74000549316406,163.9600067138672,158121.0
2026-05-21 16:30:00+00:00,163.9600067138672,164.33999633789062,163.82000732421875,163.89999389648438,241576.0
2026-05-21 17:30:00+00:00,163.89999389648438,164.2299041748047,163.82009887695312,164.05999755859375,176084.0
2026-05-21 18:30:00+00:00,164.11749267578125,164.89500427246094,164.11000061035156,164.64999389648438,216101.0
2026-05-21 19:30:00+00:00,164.6300048828125,165.2899932861328,164.36000061035156,165.0399932861328,417301.0
2026-05-22 13:30:00+00:00,164.7899932861328,165.88999938964844,163.74000549316406,163.80999755859375,343547.0
2026-05-22 14:30:00+00:00,163.86500549316406,163.9199981689453,162.8800048828125,163.25,271400.0
2026-05-22 15:30:00+00:00,163.1999969482422,163.4149932861328,163.0,163.3000030517578,354735.0
2026-05-22 16:30:00+00:00,163.31500244140625,163.82000732421875,163.25,163.66000366210938,250412.0
2026-05-22 17:30:00+00:00,163.69000244140625,164.33999633789062,163.60000610351562,164.21499633789062,179803.0
2026-05-22 18:30:00+00:00,164.21499633789062,164.30999755859375,163.75,164.11000061035156,199084.0
2026-05-22 19:30:00+00:00,164.11500549316406,164.375,163.75999450683594,164.05999755859375,272702.0
2026-05-26 13:30:00+00:00,162.6199951171875,163.92999267578125,162.25,162.91000366210938,179754.0
2026-05-26 14:30:00+00:00,162.91000366210938,163.2949981689453,162.50999450683594,163.0050048828125,164768.0
2026-05-26 15:30:00+00:00,162.97500610351562,163.1300048828125,162.4550018310547,162.7449951171875,170445.0
2026-05-26 16:30:00+00:00,162.6199951171875,162.7550048828125,161.89999389648438,162.47999572753906,197970.0
2026-05-26 17:30:00+00:00,162.4199981689453,163.0,162.31500244140625,162.64999389648438,186559.0
2026-05-26 18:30:00+00:00,162.64999389648438,163.05999755859375,162.50140380859375,162.6649932861328,214256.0
2026-05-26 19:30:00+00:00,162.6649932861328,162.7949981689453,161.89999389648438,162.02999877929688,333891.0
2026-05-27 13:30:00+00:00,162.1300048828125,164.51499938964844,161.56500244140625,163.86000061035156,411701.0
2026-05-27 14:30:00+00:00,163.6999969482422,163.81219482421875,161.0850067138672,161.1374969482422,263820.0
2026-05-27 15:30:00+00:00,161.13510131835938,162.02000427246094,160.6300048828125,161.44000244140625,266482.0
2026-05-27 16:30:00+00:00,161.3699951171875,161.5,160.36000061035156,160.6699981689453,286334.0
2026-05-27 17:30:00+00:00,160.72500610351562,160.8699951171875,159.9600067138672,160.08999633789062,212346.0
2026-05-27 18:30:00+00:00,160.08999633789062,160.82000732421875,160.05499267578125,160.39999389648438,378735.0
2026-05-27 19:30:00+00:00,160.44000244140625,160.74000549316406,160.04010009765625,160.61000061035156,545614.0
2026-05-28 13:30:00+00:00,160.1199951171875,161.80990600585938,159.52000427246094,160.64999389648438,425654.0
2026-05-28 14:30:00+00:00,160.75,160.8300018310547,159.97000122070312,160.0500030517578,337099.0
2026-05-28 15:30:00+00:00,160.11000061035156,160.1999969482422,159.5500030517578,159.6649932861328,200989.0
2026-05-28 16:30:00+00:00,159.66000366210938,159.85000610351562,159.38999938964844,159.77000427246094,253312.0
2026-05-28 17:30:00+00:00,159.77000427246094,160.09129333496094,159.6199951171875,160.07000732421875,230232.0
2026-05-28 18:30:00+00:00,160.05999755859375,160.25,159.6300048828125,160.13999938964844,324006.0
2026-05-28 19:30:00+00:00,160.13499450683594,160.25,159.5,159.52999877929688,404104.0
2026-05-29 13:30:00+00:00,158.80999755859375,159.5,157.74000549316406,158.0,588326.0
2026-05-29 14:30:00+00:00,157.9600067138672,159.5399932861328,157.91000366210938,159.36000061035156,586832.0
2026-05-29 15:30:00+00:00,159.3800048828125,160.4149932861328,159.33999633789062,160.19500732421875,224884.0
2026-05-29 16:30:00+00:00,160.16000366210938,160.3699951171875,160.0,160.22500610351562,194032.0
2026-05-29 17:30:00+00:00,160.25,160.70899963378906,160.24000549316406,160.3000030517578,186841.0
2026-05-29 18:30:00+00:00,160.3300018310547,160.72000122070312,160.24000549316406,160.72000122070312,251478.0
2026-05-29 19:30:00+00:00,160.64999389648438,160.82000732421875,159.36000061035156,159.97000122070312,447996.0
2026-06-01 13:30:00+00:00,159.83999633789062,161.83999633789062,159.83999633789062,161.02499389648438,388102.0
2026-06-01 14:30:00+00:00,161.02000427246094,161.5800018310547,160.5,161.38999938964844,258595.0
2026-06-01 15:30:00+00:00,161.4499969482422,161.64999389648438,160.97000122070312,161.00999450683594,225089.0
2026-06-01 16:30:00+00:00,160.97000122070312,161.47000122070312,160.91000366210938,161.2050018310547,289916.0
2026-06-01 17:30:00+00:00,161.2050018310547,162.28599548339844,161.2050018310547,162.0399932861328,315781.0
2026-06-01 18:30:00+00:00,162.0399932861328,162.05499267578125,161.2550048828125,161.72000122070312,351306.0
2026-06-01 19:30:00+00:00,161.72000122070312,162.57000732421875,161.5800018310547,162.55999755859375,505101.0
2026-06-02 13:30:00+00:00,161.7100067138672,162.6999969482422,159.5749969482422,159.58999633789062,377062.0
2026-06-02 14:30:00+00:00,159.58999633789062,160.31500244140625,159.0500030517578,159.69500732421875,285079.0
2026-06-02 15:30:00+00:00,159.75,160.90499877929688,159.75,160.6407012939453,209770.0
2026-06-02 16:30:00+00:00,160.71499633789062,161.30999755859375,160.30999755859375,161.21499633789062,195810.0
2026-06-02 17:30:00+00:00,161.19000244140625,162.0,161.14500427246094,161.86000061035156,210679.0
2026-06-02 18:30:00+00:00,161.83999633789062,162.02999877929688,161.6699981689453,161.76100158691406,274511.0
2026-06-02 19:30:00+00:00,161.83999633789062,162.02999877929688,161.36000061035156,161.44000244140625,424650.0
2026-06-03 13:30:00+00:00,160.2899932861328,161.2899932861328,156.94000244140625,157.25,700613.0
2026-06-03 14:30:00+00:00,157.25999450683594,157.8000030517578,156.60000610351562,157.41000366210938,530072.0
2026-06-03 15:30:00+00:00,157.47500610351562,157.8800048828125,157.2899932861328,157.74000549316406,397876.0
2026-06-03 16:30:00+00:00,157.74000549316406,158.17999267578125,157.64999389648438,157.68499755859375,407791.0
2026-06-03 17:30:00+00:00,157.69000244140625,157.8000030517578,157.4149932861328,157.5050048828125,286396.0
2026-06-03 18:30:00+00:00,157.5,157.6699981689453,157.11000061035156,157.47999572753906,418285.0
2026-06-03 19:30:00+00:00,157.49000549316406,157.8800048828125,157.3000030517578,157.3300018310547,538554.0
2026-06-04 13:30:00+00:00,160.7899932861328,162.88999938964844,159.625,161.55499267578125,513040.0
2026-06-04 14:30:00+00:00,161.5800018310547,161.85000610351562,161.0500030517578,161.25,326469.0
2026-06-04 15:30:00+00:00,161.25,161.7050018310547,160.9199981689453,161.2899932861328,235286.0
2026-06-04 16:30:00+00:00,161.25999450683594,161.72000122070312,160.7550048828125,160.91000366210938,374637.0
2026-06-04 17:30:00+00:00,160.9105987548828,161.17999267578125,160.7100067138672,160.9949951171875,451366.0
2026-06-04 18:30:00+00:00,160.9949951171875,161.72000122070312,160.9499969482422,161.16000366210938,473700.0
2026-06-04 19:30:00+00:00,161.1199951171875,161.22999572753906,160.63999938964844,161.17999267578125,303077.0
2026-06-05 13:30:00+00:00,163.30999755859375,164.63999938964844,162.55999755859375,163.75999450683594,267740.0
2026-06-05 14:30:00+00:00,163.75,163.75999450683594,162.7899932861328,163.3800048828125,319083.0
2026-06-05 15:30:00+00:00,163.47999572753906,164.17999267578125,163.05999755859375,163.9550018310547,394304.0
2026-06-05 16:30:00+00:00,163.91000366210938,165.0800018310547,163.88999938964844,164.89500427246094,395375.0
2026-06-05 17:30:00+00:00,164.98500061035156,166.10000610351562,164.77999877929688,165.8699951171875,387229.0
2026-06-05 18:30:00+00:00,165.8699951171875,166.2050018310547,165.15499877929688,165.875,300678.0
2026-06-05 19:30:00+00:00,165.8699951171875,166.04989624023438,165.24000549316406,165.39999389648438,439831.0
2026-06-08 13:30:00+00:00,164.4499969482422,165.08999633789062,162.97000122070312,163.33999633789062,378412.0
2026-06-08 14:30:00+00:00,163.27999877929688,163.34500122070312,162.3300018310547,162.35000610351562,255832.0
2026-06-08 15:30:00+00:00,162.3800048828125,162.6699981689453,161.92999267578125,162.00999450683594,199119.0
2026-06-08 16:30:00+00:00,162.00999450683594,162.43499755859375,161.77999877929688,161.8699951171875,198990.0
2026-06-08 17:30:00+00:00,161.8699951171875,162.7100067138672,161.6699981689453,162.6875,179184.0
2026-06-08 18:30:00+00:00,162.69700622558594,162.82000732421875,162.19000244140625,162.22999572753906,267665.0
2026-06-08 19:30:00+00:00,162.22999572753906,162.61000061035156,162.0500030517578,162.42999267578125,334404.0
2026-06-09 13:30:00+00:00,161.8000030517578,164.80999755859375,161.6199951171875,164.4199981689453,257423.0
2026-06-09 14:30:00+00:00,164.60000610351562,165.42999267578125,164.60000610351562,164.9250030517578,55390.0
